case,year,month,gen_id,bus_id,plant_name_kor,unit_name,unit_number,pmax_mw,gen_type,fuel_cost_source_period,fuel_cost_source_type,fuel_cost_source_fuel,fuel_cost_krw_per_gcal,heat_source_classification,heat_qhc_gcal_per_mw2h,heat_lhc_gcal_per_mwh,heat_nlhc_gcal_per_h,gencost_a_1000krw_per_mw2h,gencost_b_1000krw_per_mwh,gencost_c_1000krw_per_h,final_cost_function_1000krw_per_h
KPG193_ver2_0_11th_basic_plan_2025,2025,12,1,3,포천복합,#1,1,725,LNG,2025/12,actual,LNG,63540.0573208,LNG,0.000141928861019,0.987472829653,135.875551761,0.0104159839991,72.4694126297,9971.73910126,0.0104159839991*P^2 + 72.4694126297*P + 9971.73910126
KPG193_ver2_0_11th_basic_plan_2025,2025,12,2,3,포천복합,#2,2,725,LNG,2025/12,actual,LNG,63540.0573208,LNG,0.000140305097377,1.07218442194,147.531805987,0.0102968179888,78.6862918713,10827.1772175,0.0102968179888*P^2 + 78.6862918713*P + 10827.1772175
KPG193_ver2_0_11th_basic_plan_2025,2025,12,3,3,포천천연복합,#1,1,874.2,LNG,2025/12,actual,LNG,63540.0573208,LNG,0.000123212758725,1.02246288083,169.643221829,0.0088088166024,73.0986635896,12128.2572064,0.0088088166024*P^2 + 73.0986635896*P + 12128.2572064
KPG193_ver2_0_11th_basic_plan_2025,2025,12,4,4,양주열병합,#1,1,524.3,LNG,2025/12,actual,LNG,63540.0573208,LNG,0.00020846387211,1.08885942429,108.350228455,0.0139687624956,72.9623724965,7260.34008821,0.0139687624956*P^2 + 72.9623724965*P + 7260.34008821
KPG193_ver2_0_11th_basic_plan_2025,2025,12,5,4,동두천복합,#1,1,858.4,LNG,2025/12,actual,LNG,63540.0573208,LNG,0.000137122310061,1.06842493579,174.065172017,0.00983078073273,76.5991418058,12479.344452,0.00983078073273*P^2 + 76.5991418058*P + 12479.344452
KPG193_ver2_0_11th_basic_plan_2025,2025,12,6,4,동두천복합,#2,2,858.4,LNG,2025/12,actual,LNG,63540.0573208,LNG,0.0001310409167,1.02423741932,166.86625013,0.00939478425155,73.4311833216,11963.2284199,0.00939478425155*P^2 + 73.4311833216*P + 11963.2284199
KPG193_ver2_0_11th_basic_plan_2025,2025,12,7,8,파주문산복합,#1,1,847.6,LNG,2025/12,actual,LNG,63540.0573208,LNG,0.000127684439076,1.04323697271,167.823230798,0.00917167080974,74.9365087825,12054.8708852,0.00917167080974*P^2 + 74.9365087825*P + 12054.8708852
KPG193_ver2_0_11th_basic_plan_2025,2025,12,8,8,파주문산복합,#2,2,847.6,LNG,2025/12,actual,LNG,63540.0573208,LNG,0.00011983865458,1.06959652618,172.063634027,0.00860810211519,76.8299356476,12359.4622888,0.00860810211519*P^2 + 76.8299356476*P + 12359.4622888
KPG193_ver2_0_11th_basic_plan_2025,2025,12,9,8,파주열병합,#1,1,515.5,LNG,2025/12,actual,LNG,63540.0573208,LNG,0.000205475142128,1.01557238796,99.3614025837,0.0136995582926,67.7108334621,6624.68127597,0.0136995582926*P^2 + 67.7108334621*P + 6624.68127597
KPG193_ver2_0_11th_basic_plan_2025,2025,12,10,9,별내열병합,#1,1,115.41,LNG,2025/12,actual,LNG,63540.0573208,LNG,0.00100471496464,1.11475420183,24.4174731202,0.0600092676576,66.5816531302,1458.39838319,0.0600092676576*P^2 + 66.5816531302*P + 1458.39838319
KPG193_ver2_0_11th_basic_plan_2025,2025,12,11,9,노원열병합,#1,1,37,LNG,2025/12,actual,LNG,63540.0573208,LNG,0.00299829526196,1.13261111173,7.95354424543,0.179081141641,67.6482044641,475.046537823,0.179081141641*P^2 + 67.6482044641*P + 475.046537823
KPG193_ver2_0_11th_basic_plan_2025,2025,12,12,10,일산복합,#1,1,600,LNG,2025/12,actual,LNG,63540.0573208,LNG,0.000188451395213,1.0715714307,122.025483172,0.0131716336994,74.8964811433,8528.85681487,0.0131716336994*P^2 + 74.8964811433*P + 8528.85681487
KPG193_ver2_0_11th_basic_plan_2025,2025,12,13,10,일산복합,#2,2,300,LNG,2025/12,actual,LNG,63540.0573208,LNG,0.000376595548172,1.05428017236,60.0282182526,0.0224931685545,62.9696812291,3585.34464291,0.0224931685545*P^2 + 62.9696812291*P + 3585.34464291
KPG193_ver2_0_11th_basic_plan_2025,2025,12,14,19,서울복합,#1,1,369.173,LNG,2025/12,actual,LNG,63540.0573208,LNG,0.000304250015939,1.06553898283,74.6581859275,0.018840768058,65.9838020727,4623.2292227,0.018840768058*P^2 + 65.9838020727*P + 4623.2292227
KPG193_ver2_0_11th_basic_plan_2025,2025,12,15,19,서울복합,#2,2,369.173,LNG,2025/12,actual,LNG,63540.0573208,LNG,0.000278288750738,1.04207411304,73.0140934634,0.0172331093875,64.5307333918,4521.4183331,0.0172331093875*P^2 + 64.5307333918*P + 4521.4183331
KPG193_ver2_0_11th_basic_plan_2025,2025,12,16,20,하남열병합,#1,1,363.811,LNG,2025/12,actual,LNG,63540.0573208,LNG,0.000297996855372,1.06078605516,73.2456415454,0.0184027752954,65.5087698339,4523.2795529,0.0184027752954*P^2 + 65.5087698339*P + 4523.2795529
KPG193_ver2_0_11th_basic_plan_2025,2025,12,17,21,신인천복합,#1,1,450,LNG,2025/12,actual,LNG,63540.0573208,LNG,0.000215966151864,0.973891141774,83.1765856153,0.0139283391938,62.8093154571,5364.32069301,0.0139283391938*P^2 + 62.8093154571*P + 5364.32069301
KPG193_ver2_0_11th_basic_plan_2025,2025,12,18,21,신인천복합,#2,2,450,LNG,2025/12,actual,LNG,63540.0573208,LNG,0.000239177450002,1.08999990667,93.0930230999,0.0154253091162,70.2975363978,6003.86306429,0.0154253091162*P^2 + 70.2975363978*P + 6003.86306429
KPG193_ver2_0_11th_basic_plan_2025,2025,12,19,21,신인천복합,#3,3,450,LNG,2025/12,actual,LNG,63540.0573208,LNG,0.000248264883171,1.10964244789,94.7706228246,0.016011386381,71.5643459157,6112.0567687,0.016011386381*P^2 + 71.5643459157*P + 6112.0567687
KPG193_ver2_0_11th_basic_plan_2025,2025,12,20,21,신인천복합,#4,4,450,LNG,2025/12,actual,LNG,63540.0573208,LNG,0.000270263736091,1.07814972322,92.0809409929,0.0174301618821,69.5332806417,5938.59069287,0.0174301618821*P^2 + 69.5332806417*P + 5938.59069287
KPG193_ver2_0_11th_basic_plan_2025,2025,12,21,24,목동열병합,#1,1,21,LNG,2025/12,actual,LNG,63540.0573208,LNG,0.00559902951228,1.10089203418,4.38775311563,0.334416896782,65.7536983786,262.070199408,0.334416896782*P^2 + 65.7536983786*P + 262.070199408
KPG193_ver2_0_11th_basic_plan_2025,2025,12,22,26,부천복합,#1,1,450,LNG,2025/12,actual,LNG,63540.0573208,LNG,0.000230762793728,1.01737896448,86.8907261939,0.0148826213581,65.613982486,5603.85734885,0.0148826213581*P^2 + 65.613982486*P + 5603.85734885
KPG193_ver2_0_11th_basic_plan_2025,2025,12,23,27,인천공항열병합,#1,1,127,LNG,2025/12,actual,LNG,63540.0573208,LNG,0.000835273544874,1.08713511695,26.203868112,0.0498889291846,64.9320299875,1565.09556496,0.0498889291846*P^2 + 64.9320299875*P + 1565.09556496
KPG193_ver2_0_11th_basic_plan_2025,2025,12,24,27,송도열병합,#1,1,187.3,LNG,2025/12,actual,LNG,63540.0573208,LNG,0.000640108407074,1.04968923339,37.3144186096,0.0382321733844,62.6954752152,2228.70267951,0.0382321733844*P^2 + 62.6954752152*P + 2228.70267951
KPG193_ver2_0_11th_basic_plan_2025,2025,12,25,34,서인천복합,#1,1,225,LNG,2025/12,actual,LNG,63540.0573208,LNG,0.000490219335207,1.04053763754,44.4343131292,0.0292796507793,62.1488718656,2653.95727505,0.0292796507793*P^2 + 62.1488718656*P + 2653.95727505
KPG193_ver2_0_11th_basic_plan_2025,2025,12,26,34,서인천복합,#2,2,225,LNG,2025/12,actual,LNG,63540.0573208,LNG,0.000476123396838,1.07179692743,45.7691856268,0.0284377334513,64.0159159127,2733.68607755,0.0284377334513*P^2 + 64.0159159127*P + 2733.68607755
KPG193_ver2_0_11th_basic_plan_2025,2025,12,27,34,서인천복합,#3,3,225,LNG,2025/12,actual,LNG,63540.0573208,LNG,0.000492229645897,1.07042097898,45.7104281902,0.0293997219204,63.9337337399,2730.17663373,0.0293997219204*P^2 + 63.9337337399*P + 2730.17663373
KPG193_ver2_0_11th_basic_plan_2025,2025,12,28,34,서인천복합,#4,4,225,LNG,2025/12,actual,LNG,63540.0573208,LNG,0.000485058194709,1.03737052561,44.2990672353,0.028971387966,61.9597077008,2645.87935511,0.028971387966*P^2 + 61.9597077008*P + 2645.87935511
KPG193_ver2_0_11th_basic_plan_2025,2025,12,29,34,서인천복합,#5,5,225,LNG,2025/12,actual,LNG,63540.0573208,LNG,0.000464043608508,1.08475815272,46.3226717503,0.027716236035,64.7900594911,2766.74450517,0.027716236035*P^2 + 64.7900594911*P + 2766.74450517
KPG193_ver2_0_11th_basic_plan_2025,2025,12,30,34,서인천복합,#6,6,225,LNG,2025/12,actual,LNG,63540.0573208,LNG,0.000424451028282,1.02857476418,43.9234598532,0.0253514641069,61.434357506,2623.44520739,0.0253514641069*P^2 + 61.434357506*P + 2623.44520739
KPG193_ver2_0_11th_basic_plan_2025,2025,12,31,34,서인천복합,#7,7,225,LNG,2025/12,actual,LNG,63540.0573208,LNG,0.000518132232344,1.16679057521,49.8257207664,0.0309468226383,69.6896636282,2975.97340434,0.0309468226383*P^2 + 69.6896636282*P + 2975.97340434
KPG193_ver2_0_11th_basic_plan_2025,2025,12,32,34,서인천복합,#8,8,225,LNG,2025/12,actual,LNG,63540.0573208,LNG,0.000457091021695,1.1037897527,47.1353824514,0.0273009743361,65.9267723076,2815.28580863,0.0273009743361*P^2 + 65.9267723076*P + 2815.28580863
KPG193_ver2_0_11th_basic_plan_2025,2025,12,33,34,인천복합,#1,1,503.539,LNG,2025/12,actual,LNG,63540.0573208,LNG,0.000199346732893,1.04599029276,99.9629183234,0.0132000590002,69.2619004975,6619.2026353,0.0132000590002*P^2 + 69.2619004975*P + 6619.2026353
KPG193_ver2_0_11th_basic_plan_2025,2025,12,34,34,인천복합,#2,2,508.908,LNG,2025/12,actual,LNG,63540.0573208,LNG,0.000216032941963,1.11237560922,107.440716256,0.0143491820456,73.8853990262,7136.34866359,0.0143491820456*P^2 + 73.8853990262*P + 7136.34866359
KPG193_ver2_0_11th_basic_plan_2025,2025,12,35,34,인천복합,#3,3,450,LNG,2025/12,actual,LNG,63540.0573208,LNG,0.000221371623699,1.06924608759,91.3205130775,0.0142769551439,68.959057061,5889.54829504,0.0142769551439*P^2 + 68.959057061*P + 5889.54829504
KPG193_ver2_0_11th_basic_plan_2025,2025,12,36,34,포스코에너지복합,#3,3,450,LNG,2025/12,actual,LNG,63540.0573208,LNG,0.000218140547759,0.987423174422,84.3323084922,0.0140685728522,63.6820389792,5438.85691132,0.0140685728522*P^2 + 63.6820389792*P + 5438.85691132
KPG193_ver2_0_11th_basic_plan_2025,2025,12,37,34,포스코에너지복합,#4,4,450,LNG,2025/12,actual,LNG,63540.0573208,LNG,0.000243311658873,1.04830959313,89.5324013994,0.0156919373029,67.6087964123,5774.22732574,0.0156919373029*P^2 + 67.6087964123*P + 5774.22732574
KPG193_ver2_0_11th_basic_plan_2025,2025,12,38,34,포스코에너지복합,#5,5,574.6,LNG,2025/12,actual,LNG,63540.0573208,LNG,0.000171853570613,0.999211374814,108.96854455,0.0118451298138,68.8713560264,7510.73458185,0.0118451298138*P^2 + 68.8713560264*P + 7510.73458185
KPG193_ver2_0_11th_basic_plan_2025,2025,12,39,34,포스코에너지복합,#6,6,574.6,LNG,2025/12,actual,LNG,63540.0573208,LNG,0.000167854963735,0.966749795815,105.428461734,0.0115695229854,66.6339185625,7266.73185118,0.0115695229854*P^2 + 66.6339185625*P + 7266.73185118
KPG193_ver2_0_11th_basic_plan_2025,2025,12,40,34,포스코에너지복합,#7,7,375.6,LNG,2025/12,actual,LNG,63540.0573208,LNG,0.000314766255532,1.09820673824,78.2866747979,0.0195562600157,68.231000454,4863.90946046,0.0195562600157*P^2 + 68.231000454*P + 4863.90946046
KPG193_ver2_0_11th_basic_plan_2025,2025,12,41,34,포스코에너지복합,#8,8,375.6,LNG,2025/12,actual,LNG,63540.0573208,LNG,0.00030723543034,1.07723611299,76.7917645387,0.0190883738526,66.9281066622,4771.03148128,0.0190883738526*P^2 + 66.9281066622*P + 4771.03148128
KPG193_ver2_0_11th_basic_plan_2025,2025,12,42,34,포스코에너지복합,#9,9,375.6,LNG,2025/12,actual,LNG,63540.0573208,LNG,0.000278009846431,1.06214907408,75.7162711296,0.017272603871,65.9907569603,4704.21164788,0.017272603871*P^2 + 65.9907569603*P + 4704.21164788
KPG193_ver2_0_11th_basic_plan_2025,2025,12,43,36,분당복합,#1,1,573.79,LNG,2025/12,actual,LNG,63540.0573208,LNG,0.000215012399638,1.13492857814,123.594648377,0.014813243175,78.1907138495,8515.03254982,0.014813243175*P^2 + 78.1907138495*P + 8515.03254982
KPG193_ver2_0_11th_basic_plan_2025,2025,12,44,36,분당복합,#2,2,348.274,LNG,2025/12,actual,LNG,63540.0573208,LNG,0.000303543904682,1.03577415664,68.4643176332,0.0185955003532,63.4528923113,4194.21448789,0.0185955003532*P^2 + 63.4528923113*P + 4194.21448789
KPG193_ver2_0_11th_basic_plan_2025,2025,12,45,36,위례열병합,#1,1,412.6,LNG,2025/12,actual,LNG,63540.0573208,LNG,0.000270079431099,1.07164584737,83.9186846986,0.0170973673418,67.8404965471,5312.46890331,0.0170973673418*P^2 + 67.8404965471*P + 5312.46890331
KPG193_ver2_0_11th_basic_plan_2025,2025,12,46,36,판교열병합,#1,1,146.314,LNG,2025/12,actual,LNG,63540.0573208,LNG,0.000738144951046,1.04012403786,28.8834572776,0.0440876661505,62.1241685274,1725.14113918,0.0440876661505*P^2 + 62.1241685274*P + 1725.14113918
KPG193_ver2_0_11th_basic_plan_2025,2025,12,47,37,논현열병합,#1,1,24,LNG,2025/12,actual,LNG,63540.0573208,LNG,0.00433503505152,1.09247970847,4.9762567557,0.258921473122,65.2512499,297.22014113,0.258921473122*P^2 + 65.2512499*P + 297.22014113
KPG193_ver2_0_11th_basic_plan_2025,2025,12,48,39,안양열병합,#1,1,481.69,LNG,2025/12,actual,LNG,63540.0573208,LNG,0.000215807076579,1.04950332115,95.9466038313,0.0141353528095,68.7424154684,6284.49779093,0.0141353528095*P^2 + 68.7424154684*P + 6284.49779093
KPG193_ver2_0_11th_basic_plan_2025,2025,12,49,39,안양열병합,#2,2,481.69,LNG,2025/12,actual,LNG,63540.0573208,LNG,0.000233001971326,1.07485134308,98.2639443954,0.0152616175623,70.4027096474,6436.28348291,0.0152616175623*P^2 + 70.4027096474*P + 6436.28348291
KPG193_ver2_0_11th_basic_plan_2025,2025,12,50,40,안산열병합,#1,1,60,LNG,2025/12,actual,LNG,63540.0573208,LNG,0.0019584365208,1.11895094334,12.7420837841,0.124439168791,71.0982070792,809.63273403,0.124439168791*P^2 + 71.0982070792*P + 809.63273403
KPG193_ver2_0_11th_basic_plan_2025,2025,12,51,40,안산복합,#1,1,751.2,LNG,2025/12,actual,LNG,63540.0573208,LNG,0.000150813001269,1.05839486252,150.89729743,0.0110177669171,77.3219006547,11023.925242,0.0110177669171*P^2 + 77.3219006547*P + 11023.925242
KPG193_ver2_0_11th_basic_plan_2025,2025,12,52,40,영흥화력,#1,1,800,Coal,2025/12,actual,유연탄,29446.6519334,Bituminous,0.000196327634148,1.68919347105,55.9190617102,0.00578119150766,49.7410921902,1646.62914662,0.00578119150766*P^2 + 49.7410921902*P + 1646.62914662
KPG193_ver2_0_11th_basic_plan_2025,2025,12,53,40,영흥화력,#2,2,800,Coal,2025/12,actual,유연탄,29446.6519334,Bituminous,0.000203967682996,1.72684027287,57.165321461,0.00600616536683,50.8496644598,1683.32732372,0.00600616536683*P^2 + 50.8496644598*P + 1683.32732372
KPG193_ver2_0_11th_basic_plan_2025,2025,12,54,40,영흥화력,#3,3,870,Coal,2025/12,actual,유연탄,29446.6519334,Bituminous,0.000164959616414,1.61163309547,58.0197595005,0.00485750840762,47.4571988066,1708.48766327,0.00485750840762*P^2 + 47.4571988066*P + 1708.48766327
KPG193_ver2_0_11th_basic_plan_2025,2025,12,55,40,영흥화력,#4,4,870,Coal,2025/12,actual,유연탄,29446.6519334,Bituminous,0.000147097962178,1.68397300874,60.6240398308,0.00433154249238,49.5873670535,1785.17499969,0.00433154249238*P^2 + 49.5873670535*P + 1785.17499969
KPG193_ver2_0_11th_basic_plan_2025,2025,12,56,40,영흥화력,#5,5,870,Coal,2025/12,actual,유연탄,29446.6519334,Bituminous,0.000188499884231,1.7631107664,63.4730466427,0.00555069048044,51.9177090583,1869.06871164,0.00555069048044*P^2 + 51.9177090583*P + 1869.06871164
KPG193_ver2_0_11th_basic_plan_2025,2025,12,57,40,영흥화력,#6,6,870,Coal,2025/12,actual,유연탄,29446.6519334,Bituminous,0.000152833925354,1.62889998945,58.6413780557,0.00450044740351,47.9656510237,1726.7922485,0.00450044740351*P^2 + 47.9656510237*P + 1726.7922485
KPG193_ver2_0_11th_basic_plan_2025,2025,12,58,43,광교열병합,#1,1,144.788,LNG,2025/12,actual,LNG,63540.0573208,LNG,0.000734291656715,1.08161988548,29.7225038182,0.0438575179204,64.6026181514,1775.25542055,0.0438575179204*P^2 + 64.6026181514*P + 1775.25542055
KPG193_ver2_0_11th_basic_plan_2025,2025,12,59,43,수원열병합,#1,1,38.9,LNG,2025/12,actual,LNG,63540.0573208,LNG,0.00334882396026,1.19798583106,8.84462536658,0.212784466392,76.120088375,561.988002774,0.212784466392*P^2 + 76.120088375*P + 561.988002774
KPG193_ver2_0_11th_basic_plan_2025,2025,12,60,45,화성열병합,#1,1,511.8,LNG,2025/12,actual,LNG,63540.0573208,LNG,0.000221153161828,1.11147729344,107.964017188,0.0147136567212,73.9482773564,7183.01051642,0.0147136567212*P^2 + 73.9482773564*P + 7183.01051642
KPG193_ver2_0_11th_basic_plan_2025,2025,12,61,47,평택화력,#1,1,0,LNG,2025/12,actual,LNG,63540.0573208,LNG,0.0003161939325,1.14313092103,75.9350312384,0.0200909805956,72.6346042477,4824.91623754,0.0200909805956*P^2 + 72.6346042477*P + 4824.91623754
KPG193_ver2_0_11th_basic_plan_2025,2025,12,62,47,평택화력,#2,2,0,LNG,2025/12,actual,LNG,63540.0573208,LNG,0.000316134487353,1.08121287888,71.8219866357,0.0200872034475,68.7003283002,4563.57314772,0.0200872034475*P^2 + 68.7003283002*P + 4563.57314772
KPG193_ver2_0_11th_basic_plan_2025,2025,12,63,47,평택화력,#3,3,0,LNG,2025/12,actual,LNG,63540.0573208,LNG,0.000319526631005,1.0738599522,71.3335520153,0.0203027404496,68.2331229172,4532.53798395,0.0203027404496*P^2 + 68.2331229172*P + 4532.53798395
KPG193_ver2_0_11th_basic_plan_2025,2025,12,64,47,평택화력,#4,4,0,LNG,2025/12,actual,LNG,63540.0573208,LNG,0.000338402940748,1.10865362693,73.6447997729,0.0215021422527,70.4439150043,4679.39479895,0.0215021422527*P^2 + 70.4439150043*P + 4679.39479895
KPG193_ver2_0_11th_basic_plan_2025,2025,12,65,47,평택복합,#2,2,868.5,LNG,2025/12,actual,LNG,63540.0573208,LNG,0.000120458427697,1.06559587498,175.646909453,0.00862062744172,76.2595462792,12570.2003309,0.00862062744172*P^2 + 76.2595462792*P + 12570.2003309
KPG193_ver2_0_11th_basic_plan_2025,2025,12,66,47,신평택복합,#1,1,863.3,LNG,2025/12,actual,LNG,63540.0573208,LNG,0.000129188916257,1.01902405766,166.964575395,0.00925396332767,72.9939652163,11959.880944,0.00925396332767*P^2 + 72.9939652163*P + 11959.880944
KPG193_ver2_0_11th_basic_plan_2025,2025,12,67,48,명품오산열병합,#1,1,436.1,LNG,2025/12,actual,LNG,63540.0573208,LNG,0.000236089113339,1.05166158622,87.0442839043,0.0151218747765,67.3605597019,5575.32171898,0.0151218747765*P^2 + 67.3605597019*P + 5575.32171898
KPG193_ver2_0_11th_basic_plan_2025,2025,12,68,48,동탄열병합,#1,1,378.38,LNG,2025/12,actual,LNG,63540.0573208,LNG,0.000273988556632,1.05493362148,75.758517235,0.0170469621304,65.635637183,4713.52741967,0.0170469621304*P^2 + 65.635637183*P + 4713.52741967
KPG193_ver2_0_11th_basic_plan_2025,2025,12,69,48,동탄열병합,#2,2,378.38,LNG,2025/12,actual,LNG,63540.0573208,LNG,0.000264533063427,0.993798554726,71.3681917077,0.0164586622519,61.8319485161,4440.37107357,0.0164586622519*P^2 + 61.8319485161*P + 4440.37107357
KPG193_ver2_0_11th_basic_plan_2025,2025,12,70,49,오성복합,#1,1,769.83,LNG,2025/12,actual,LNG,63540.0573208,LNG,0.000139286184391,1.08177070628,158.05498849,0.0101426898613,78.7735325129,11509.4166466,0.0101426898613*P^2 + 78.7735325129*P + 11509.4166466
KPG193_ver2_0_11th_basic_plan_2025,2025,12,71,53,GS당진복합,#1,1,500.75,LNG,2025/12,actual,LNG,63540.0573208,LNG,0.00020510041954,0.990586082877,94.1437165984,0.0135592405523,65.4878962001,6223.86488873,0.0135592405523*P^2 + 65.4878962001*P + 6223.86488873
KPG193_ver2_0_11th_basic_plan_2025,2025,12,72,53,GS당진복합,#2,2,533,LNG,2025/12,actual,LNG,63540.0573208,LNG,0.000205931461319,1.05114141091,106.332619844,0.0138673736883,70.7836027142,7160.4123294,0.0138673736883*P^2 + 70.7836027142*P + 7160.4123294
KPG193_ver2_0_11th_basic_plan_2025,2025,12,73,53,GS당진복합,#3,3,382,LNG,2025/12,actual,LNG,63540.0573208,LNG,0.000293194829362,1.08699886223,78.8080554593,0.0182756535548,67.7556785835,4912.32646236,0.0182756535548*P^2 + 67.7556785835*P + 4912.32646236
KPG193_ver2_0_11th_basic_plan_2025,2025,12,74,53,GS당진복합,#4,4,846,LNG,2025/12,actual,LNG,63540.0573208,LNG,0.000127342815893,1.03700406309,166.505652069,0.00914972099387,74.5098793378,11963.6137276,0.00914972099387*P^2 + 74.5098793378*P + 11963.6137276
KPG193_ver2_0_11th_basic_plan_2025,2025,12,75,53,당진화력,#1,1,500,Coal,2025/12,actual,유연탄,29446.6519334,Bituminous,0.000315464962804,1.79487968645,37.1360614063,0.00928938695687,52.8531973891,1093.53267441,0.00928938695687*P^2 + 52.8531973891*P + 1093.53267441
KPG193_ver2_0_11th_basic_plan_2025,2025,12,76,53,당진화력,#2,2,500,Coal,2025/12,actual,유연탄,29446.6519334,Bituminous,0.000303546008409,1.74358469644,36.0747680433,0.00893841365539,51.3427316725,1062.28113815,0.00893841365539*P^2 + 51.3427316725*P + 1062.28113815
KPG193_ver2_0_11th_basic_plan_2025,2025,12,77,53,당진화력,#3,3,500,Coal,2025/12,actual,유연탄,29446.6519334,Bituminous,0.000299823422592,1.72489296017,35.6880360126,0.00882879596655,50.7923226206,1050.89317465,0.00882879596655*P^2 + 50.7923226206*P + 1050.89317465
KPG193_ver2_0_11th_basic_plan_2025,2025,12,78,53,당진화력,#4,4,500,Coal,2025/12,actual,유연탄,29446.6519334,Bituminous,0.000312619092698,1.70840369873,35.3468731869,0.00920558561041,50.3067690781,1040.84707167,0.00920558561041*P^2 + 50.3067690781*P + 1040.84707167
KPG193_ver2_0_11th_basic_plan_2025,2025,12,79,53,당진화력,#5,5,500,Coal,2025/12,actual,유연탄,29446.6519334,Bituminous,0.000319177626185,1.7689140411,36.598832194,0.0093987124632,52.0885960683,1077.71307278,0.0093987124632*P^2 + 52.0885960683*P + 1077.71307278
KPG193_ver2_0_11th_basic_plan_2025,2025,12,80,53,당진화력,#6,6,500,Coal,2025/12,actual,유연탄,29446.6519334,Bituminous,0.000298439074513,1.7598832989,36.4119861344,0.00878803155052,51.822670946,1072.2110819,0.00878803155052*P^2 + 51.822670946*P + 1072.2110819
KPG193_ver2_0_11th_basic_plan_2025,2025,12,81,53,당진화력,#7,7,500,Coal,2025/12,actual,유연탄,29446.6519334,Bituminous,0.000299732809005,1.71666995598,35.5179020527,0.00882612769979,50.5501826782,1045.88329915,0.00882612769979*P^2 + 50.5501826782*P + 1045.88329915
KPG193_ver2_0_11th_basic_plan_2025,2025,12,82,53,당진화력,#8,8,500,Coal,2025/12,actual,유연탄,29446.6519334,Bituminous,0.000292887502875,1.64010756267,33.9338261055,0.0086245563528,48.2956765313,999.237566098,0.0086245563528*P^2 + 48.2956765313*P + 999.237566098
KPG193_ver2_0_11th_basic_plan_2025,2025,12,83,53,당진화력,#9,9,1020,Coal,2025/12,actual,유연탄,29446.6519334,Bituminous,0.00014041462763,1.62442400435,68.5630398869,0.00413474066618,47.8338482484,2018.95197105,0.00413474066618*P^2 + 47.8338482484*P + 2018.95197105
KPG193_ver2_0_11th_basic_plan_2025,2025,12,84,53,당진화력,#10,10,1020,Coal,2025/12,actual,유연탄,29446.6519334,Bituminous,0.000156296675421,1.76964316497,74.692392245,0.00460241379948,52.1100663251,2199.44087651,0.00460241379948*P^2 + 52.1100663251*P + 2199.44087651
KPG193_ver2_0_11th_basic_plan_2025,2025,12,85,57,아산배방열병합,#1,1,101.7,LNG,2025/12,actual,LNG,63540.0573208,LNG,0.0011971795693,1.19427205476,23.0516693974,0.071504726949,71.331067927,1376.82213116,0.071504726949*P^2 + 71.331067927*P + 1376.82213116
KPG193_ver2_0_11th_basic_plan_2025,2025,12,86,58,대산복합,#1,1,465.8,LNG,2025/12,actual,LNG,63540.0573208,LNG,0.000220688924874,1.02361068123,90.4924720884,0.0140225869366,65.0402813594,5749.8968636,0.0140225869366*P^2 + 65.0402813594*P + 5749.8968636
KPG193_ver2_0_11th_basic_plan_2025,2025,12,87,59,태안IGCC,#1,1,346.33,LNG,2025/12,actual,LNG,63540.0573208,LNG,0.000319308277482,1.07537729589,70.6853048364,0.0195415258657,65.8126165999,4325.90950563,0.0195415258657*P^2 + 65.8126165999*P + 4325.90950563
KPG193_ver2_0_11th_basic_plan_2025,2025,12,88,59,태안화력,#1,1,0,Coal,2025/12,actual,유연탄,29446.6519334,Bituminous,0.000308846216079,1.67960608156,34.7510504766,0.00909448702582,49.4587756689,1023.3020877,0.00909448702582*P^2 + 49.4587756689*P + 1023.3020877
KPG193_ver2_0_11th_basic_plan_2025,2025,12,89,59,태안화력,#2,2,500,Coal,2025/12,actual,유연탄,29446.6519334,Bituminous,0.000267761393205,1.62793210148,33.6819158089,0.00788467654692,47.9371499636,991.819651275,0.00788467654692*P^2 + 47.9371499636*P + 991.819651275
KPG193_ver2_0_11th_basic_plan_2025,2025,12,90,59,태안화력,#3,3,500,Coal,2025/12,actual,유연탄,29446.6519334,Bituminous,0.000293861546873,1.70386445906,35.2529563165,0.00865323868739,50.1731036677,1038.08153428,0.00865323868739*P^2 + 50.1731036677*P + 1038.08153428
KPG193_ver2_0_11th_basic_plan_2025,2025,12,91,59,태안화력,#4,4,500,Coal,2025/12,actual,유연탄,29446.6519334,Bituminous,0.000315513236011,1.75924207837,36.3987192815,0.00929080844119,51.8037891485,1071.8204175,0.00929080844119*P^2 + 51.8037891485*P + 1071.8204175
KPG193_ver2_0_11th_basic_plan_2025,2025,12,92,59,태안화력,#5,5,500,Coal,2025/12,actual,유연탄,29446.6519334,Bituminous,0.000284834940473,1.68931960016,34.9520231803,0.00838743535057,49.7448062703,1029.22006096,0.00838743535057*P^2 + 49.7448062703*P + 1029.22006096
KPG193_ver2_0_11th_basic_plan_2025,2025,12,93,59,태안화력,#6,6,500,Coal,2025/12,actual,유연탄,29446.6519334,Bituminous,0.000306236055626,1.70189633872,35.2122359059,0.00901762653948,50.115149113,1036.88245452,0.00901762653948*P^2 + 50.115149113*P + 1036.88245452
KPG193_ver2_0_11th_basic_plan_2025,2025,12,94,59,태안화력,#7,7,500,Coal,2025/12,actual,유연탄,29446.6519334,Bituminous,0.000300467453295,1.69600590036,35.0903627338,0.00884776051449,49.9416954248,1033.29369764,0.00884776051449*P^2 + 49.9416954248*P + 1033.29369764
KPG193_ver2_0_11th_basic_plan_2025,2025,12,95,59,태안화력,#8,8,500,Coal,2025/12,actual,유연탄,29446.6519334,Bituminous,0.000345268749967,1.8010803639,37.2643534252,0.0101670087038,53.0357865799,1097.31044484,0.0101670087038*P^2 + 53.0357865799*P + 1097.31044484
KPG193_ver2_0_11th_basic_plan_2025,2025,12,96,59,태안화력,#9,9,1050,Coal,2025/12,actual,유연탄,29446.6519334,Bituminous,0.000138081722887,1.60550007994,69.7573742766,0.00406604443221,47.2766020332,2054.12112011,0.00406604443221*P^2 + 47.2766020332*P + 2054.12112011
KPG193_ver2_0_11th_basic_plan_2025,2025,12,97,59,태안화력,#10,10,1050,Coal,2025/12,actual,유연탄,29446.6519334,Bituminous,0.000151392174697,1.71804611659,74.6473871144,0.00445799267375,50.5907060009,2198.11562609,0.00445799267375*P^2 + 50.5907060009*P + 2198.11562609
KPG193_ver2_0_11th_basic_plan_2025,2025,12,98,62,청주열병합,#1,1,0,LNG,2025/12,actual,LNG,63540.0573208,LNG,0.00207928905477,1.09235362885,12.0867619798,0.132118145726,69.4082121917,767.993549022,0.132118145726*P^2 + 69.4082121917*P + 767.993549022
KPG193_ver2_0_11th_basic_plan_2025,2025,12,99,64,세종천연가스,#1,1,530.441,LNG,2025/12,actual,LNG,63540.0573208,LNG,0.000219497758884,0.99262060408,99.9306080804,0.0147595107416,66.7459865774,6719.55326958,0.0147595107416*P^2 + 66.7459865774*P + 6719.55326958
KPG193_ver2_0_11th_basic_plan_2025,2025,12,100,70,춘천열병합,#1,1,431.2,LNG,2025/12,actual,LNG,63540.0573208,LNG,0.000251569009399,1.07480102035,87.9599515558,0.0160742236493,68.6753587848,5620.27865383,0.0160742236493*P^2 + 68.6753587848*P + 5620.27865383
KPG193_ver2_0_11th_basic_plan_2025,2025,12,101,71,강릉안인화력,#1,1,1040,Coal,2025/12,actual,유연탄,29446.6519334,Bituminous,0.000143804453496,1.66542333979,71.6718278515,0.00423455968856,49.0411414086,2110.49536817,0.00423455968856*P^2 + 49.0411414086*P + 2110.49536817
KPG193_ver2_0_11th_basic_plan_2025,2025,12,102,73,동해화력,#1,1,200,Coal,2025/12,actual,유연탄,29446.6519334,Bituminous,0.000798092839059,1.75714998028,14.5421735085,0.0235011620423,51.7421838642,428.218321659,0.0235011620423*P^2 + 51.7421838642*P + 428.218321659
KPG193_ver2_0_11th_basic_plan_2025,2025,12,103,73,동해화력,#2,2,200,Coal,2025/12,actual,유연탄,29446.6519334,Bituminous,0.000807059525807,1.77818352486,14.7162471267,0.023765200946,52.3615513303,433.344206905,0.023765200946*P^2 + 52.3615513303*P + 433.344206905
KPG193_ver2_0_11th_basic_plan_2025,2025,12,104,73,북평화력,#1,1,595,Coal,2025/12,actual,유연탄,29446.6519334,Bituminous,0.00027677495854,1.75816323777,43.287913702,0.00815009586801,51.7720209046,1274.68412771,0.00815009586801*P^2 + 51.7720209046*P + 1274.68412771
KPG193_ver2_0_11th_basic_plan_2025,2025,12,105,73,북평화력,#2,2,595,Coal,2025/12,actual,유연탄,29446.6519334,Bituminous,0.000253536484319,1.74288653929,42.9117845742,0.00746580060615,51.322173282,1263.6083842,0.00746580060615*P^2 + 51.322173282*P + 1263.6083842
KPG193_ver2_0_11th_basic_plan_2025,2025,12,106,79,영월복합,#1,1,848,LNG,2025/12,actual,LNG,63540.0573208,LNG,0.000128907419521,1.07035743856,172.267298482,0.00925886316669,76.8791517189,12373.2159922,0.00925886316669*P^2 + 76.8791517189*P + 12373.2159922
KPG193_ver2_0_11th_basic_plan_2025,2025,12,107,82,삼척그린,#1,1,1022,Coal,2025/12,actual,유연탄,29446.6519334,Bituminous,0.000154776766774,1.69506530652,71.6849233753,0.00455765757858,49.9139980855,2110.88098751,0.00455765757858*P^2 + 49.9139980855*P + 2110.88098751
KPG193_ver2_0_11th_basic_plan_2025,2025,12,108,82,삼척그린,#2,2,1022,Coal,2025/12,actual,유연탄,29446.6519334,Bituminous,0.000140800582101,1.63613339623,69.1926716271,0.00414610573315,48.1786506354,2037.49251774,0.00414610573315*P^2 + 48.1786506354*P + 2037.49251774
KPG193_ver2_0_11th_basic_plan_2025,2025,12,109,82,한울원자력,#1,1,950,Nuclear,2025/12,actual,원자력,2584.38963532,Nuclear,0.000243592782042,3.61140815643,0,0.000629538661149,9.33328580838,0,0.000629538661149*P^2 + 9.33328580838*P + 0
KPG193_ver2_0_11th_basic_plan_2025,2025,12,110,82,한울원자력,#2,2,950,Nuclear,2025/12,actual,원자력,2584.38963532,Nuclear,0.000231168618165,3.57754712541,0,0.000597429780797,9.24577571079,0,0.000597429780797*P^2 + 9.24577571079*P + 0
KPG193_ver2_0_11th_basic_plan_2025,2025,12,111,82,한울원자력,#3,3,1000,Nuclear,2025/12,actual,원자력,2584.38963532,Nuclear,0.000244112662349,3.66464788224,0,0.000630882234426,9.47087800396,0,0.000630882234426*P^2 + 9.47087800396*P + 0
KPG193_ver2_0_11th_basic_plan_2025,2025,12,112,82,한울원자력,#4,4,1000,Nuclear,2025/12,actual,원자력,2584.38963532,Nuclear,0.000236172920534,3.6220850005,0,0.000610362847971,9.36087893354,0,0.000610362847971*P^2 + 9.36087893354*P + 0
KPG193_ver2_0_11th_basic_plan_2025,2025,12,113,82,한울원자력,#5,5,1000,Nuclear,2025/12,actual,원자력,2584.38963532,Nuclear,0.000239336876536,3.69836855328,0,0.000618539743068,9.55802535668,0,0.000618539743068*P^2 + 9.55802535668*P + 0
KPG193_ver2_0_11th_basic_plan_2025,2025,12,114,82,한울원자력,#6,6,1000,Nuclear,2025/12,actual,원자력,2584.38963532,Nuclear,0.000241792440005,3.58267175258,0,0.000624885875846,9.25901974411,0,0.000624885875846*P^2 + 9.25901974411*P + 0
KPG193_ver2_0_11th_basic_plan_2025,2025,12,115,82,신한울원자력,#1,1,1400,Nuclear,2025/12,actual,원자력,2584.38963532,Nuclear,0.000176366033231,3.64003908646,0,0.000455798548304,9.40727928721,0,0.000455798548304*P^2 + 9.40727928721*P + 0
KPG193_ver2_0_11th_basic_plan_2025,2025,12,116,87,안동복합,#1,1,361.6,LNG,2025/12,actual,LNG,63540.0573208,LNG,0.000311035747986,1.11182944795,76.3035517249,0.0191861429615,68.5828522138,4706.76075451,0.0191861429615*P^2 + 68.5828522138*P + 4706.76075451
KPG193_ver2_0_11th_basic_plan_2025,2025,12,117,98,대전열병합,#1,1,88,LNG,2025/12,actual,LNG,63540.0573208,LNG,0.00135237193136,1.13294756205,18.922156959,0.0807740026355,67.6682998521,1130.17604154,0.0807740026355*P^2 + 67.6682998521*P + 1130.17604154
KPG193_ver2_0_11th_basic_plan_2025,2025,12,118,99,대전서남부열병합,#1,1,48.3,LNG,2025/12,actual,LNG,63540.0573208,LNG,0.00225097310059,1.03909751739,9.52536436271,0.134445342249,62.0628568681,568.927665752,0.134445342249*P^2 + 62.0628568681*P + 568.927665752
KPG193_ver2_0_11th_basic_plan_2025,2025,12,119,100,보령복합,#1,1,450,LNG,2025/12,actual,LNG,63540.0573208,LNG,0.000242544279026,0.989962791972,84.5492082128,0.015642446553,63.8458269355,5452.84545931,0.015642446553*P^2 + 63.8458269355*P + 5452.84545931
KPG193_ver2_0_11th_basic_plan_2025,2025,12,120,100,보령복합,#2,2,450,LNG,2025/12,actual,LNG,63540.0573208,LNG,0.000249793388517,1.10925378017,94.7374280942,0.0161099645181,71.5392795069,6109.9159357,0.0161099645181*P^2 + 71.5392795069*P + 6109.9159357
KPG193_ver2_0_11th_basic_plan_2025,2025,12,121,100,보령복합,#3,3,450,LNG,2025/12,actual,LNG,63540.0573208,LNG,0.000235581625514,1.07388618443,91.7168072782,0.0151934030387,69.2583115602,5915.10655962,0.0151934030387*P^2 + 69.2583115602*P + 5915.10655962
KPG193_ver2_0_11th_basic_plan_2025,2025,12,122,100,보령화력,#3,3,550,Coal,2025/12,actual,유연탄,29446.6519334,Bituminous,0.000272463658176,1.71587757766,39.0516585195,0.00802314250682,50.5268497898,1149.94059585,0.00802314250682*P^2 + 50.5268497898*P + 1149.94059585
KPG193_ver2_0_11th_basic_plan_2025,2025,12,123,100,보령화력,#4,4,500,Coal,2025/12,actual,유연탄,29446.6519334,Bituminous,0.000326713730282,1.71054772739,35.3912331408,0.00962062549746,50.3699035439,1042.15332379,0.00962062549746*P^2 + 50.3699035439*P + 1042.15332379
KPG193_ver2_0_11th_basic_plan_2025,2025,12,124,100,보령화력,#5,5,500,Coal,2025/12,actual,유연탄,29446.6519334,Bituminous,0.000283363798895,1.66399680637,34.4280945669,0.00834411515658,48.9991347754,1013.79211744,0.00834411515658*P^2 + 48.9991347754*P + 1013.79211744
KPG193_ver2_0_11th_basic_plan_2025,2025,12,125,100,보령화력,#6,6,500,Coal,2025/12,actual,유연탄,29446.6519334,Bituminous,0.000288711191651,1.65435561674,34.2286183497,0.00850157796983,48.7152340201,1007.9182107,0.00850157796983*P^2 + 48.7152340201*P + 1007.9182107
KPG193_ver2_0_11th_basic_plan_2025,2025,12,126,100,보령화력,#7,7,500,Coal,2025/12,actual,유연탄,29446.6519334,Bituminous,0.000288636816962,1.77423147568,36.7088499176,0.00849938788423,52.2451767137,1080.9527264,0.00849938788423*P^2 + 52.2451767137*P + 1080.9527264
KPG193_ver2_0_11th_basic_plan_2025,2025,12,127,100,보령화력,#8,8,500,Coal,2025/12,actual,유연탄,29446.6519334,Bituminous,0.000297475973493,1.74889165509,36.1845690197,0.00875967145,51.4990038366,1065.51440928,0.00875967145*P^2 + 51.4990038366*P + 1065.51440928
KPG193_ver2_0_11th_basic_plan_2025,2025,12,128,100,신보령화력,#1,1,1019.03,Coal,2025/12,actual,유연탄,29446.6519334,Bituminous,0.000143003091459,1.72057754809,72.5523887001,0.00421096225959,50.665248183,2136.42493699,0.00421096225959*P^2 + 50.665248183*P + 2136.42493699
KPG193_ver2_0_11th_basic_plan_2025,2025,12,129,100,신보령화력,#2,2,1019.03,Coal,2025/12,actual,유연탄,29446.6519334,Bituminous,0.000153932350139,1.67543999606,70.6490526818,0.00453279233584,49.3360983994,2080.37806374,0.00453279233584*P^2 + 49.3360983994*P + 2080.37806374
KPG193_ver2_0_11th_basic_plan_2025,2025,12,130,106,신서천화력,#1,1,1018,Coal,2025/12,actual,유연탄,29446.6519334,Bituminous,0.000154527500179,1.7342146629,73.0535165651,0.0045503175119,51.0668155563,2151.1814748,0.0045503175119*P^2 + 51.0668155563*P + 2151.1814748
KPG193_ver2_0_11th_basic_plan_2025,2025,12,131,108,군산복합,#1,1,718.4,LNG,2025/12,actual,LNG,63540.0573208,LNG,0.00014714417036,1.02969769183,140.395834355,0.0108110705217,75.6546068746,10315.252466,0.0108110705217*P^2 + 75.6546068746*P + 10315.252466
KPG193_ver2_0_11th_basic_plan_2025,2025,12,132,124,한빛원자력,#1,1,950,Nuclear,2025/12,actual,원자력,2584.38963532,Nuclear,0.000259456726733,3.58539279066,0,0.000670537275382,9.26605196673,0,0.000670537275382*P^2 + 9.26605196673*P + 0
KPG193_ver2_0_11th_basic_plan_2025,2025,12,133,124,한빛원자력,#2,2,950,Nuclear,2025/12,actual,원자력,2584.38963532,Nuclear,0.000250526277211,3.67555191483,0,0.000647457514199,9.49905827277,0,0.000647457514199*P^2 + 9.49905827277*P + 0
KPG193_ver2_0_11th_basic_plan_2025,2025,12,134,124,한빛원자력,#3,3,1000,Nuclear,2025/12,actual,원자력,2584.38963532,Nuclear,0.000233980486272,3.64278776744,0,0.000604696743588,9.41438294983,0,0.000604696743588*P^2 + 9.41438294983*P + 0
KPG193_ver2_0_11th_basic_plan_2025,2025,12,135,124,한빛원자력,#4,4,1000,Nuclear,2025/12,actual,원자력,2584.38963532,Nuclear,0.000240899294615,3.70641796523,0,0.000622577640158,9.5788281735,0,0.000622577640158*P^2 + 9.5788281735*P + 0
KPG193_ver2_0_11th_basic_plan_2025,2025,12,136,124,한빛원자력,#5,5,1000,Nuclear,2025/12,actual,원자력,2584.38963532,Nuclear,0.000240538414428,3.70641796523,0,0.000621644985145,9.5788281735,0,0.000621644985145*P^2 + 9.5788281735*P + 0
KPG193_ver2_0_11th_basic_plan_2025,2025,12,137,124,한빛원자력,#6,6,1000,Nuclear,2025/12,actual,원자력,2584.38963532,Nuclear,0.000222258396131,3.6243656347,0,0.000574402295324,9.36677298093,0,0.000574402295324*P^2 + 9.36677298093*P + 0
KPG193_ver2_0_11th_basic_plan_2025,2025,12,138,128,수완열병합,#1,1,115.246,LNG,2025/12,actual,LNG,63540.0573208,LNG,0.00104998460775,1.12665119771,24.6429957799,0.0627131172324,67.2922327823,1471.86832255,0.0627131172324*P^2 + 67.2922327823*P + 1471.86832255
KPG193_ver2_0_11th_basic_plan_2025,2025,12,139,134,율촌복합,#1,1,525.5,LNG,2025/12,actual,LNG,63540.0573208,LNG,0.000202634624538,1.04503128443,104.226984151,0.0135874261442,70.0733422431,6988.81769402,0.0135874261442*P^2 + 70.0733422431*P + 6988.81769402
KPG193_ver2_0_11th_basic_plan_2025,2025,12,140,134,율촌복합,#2,2,864.2,LNG,2025/12,actual,LNG,63540.0573208,LNG,0.000112811475954,1.02639576357,168.347732841,0.00807953658756,73.5102706078,12057.03281,0.00807953658756*P^2 + 73.5102706078*P + 12057.03281
KPG193_ver2_0_11th_basic_plan_2025,2025,12,141,134,광양복합,#1,1,494.6,LNG,2025/12,actual,LNG,63540.0573208,LNG,0.000229484531732,1.0736476271,100.784568298,0.0151253487697,70.7642240332,6642.72112198,0.0151253487697*P^2 + 70.7642240332*P + 6642.72112198
KPG193_ver2_0_11th_basic_plan_2025,2025,12,142,134,광양복합,#2,2,494.6,LNG,2025/12,actual,LNG,63540.0573208,LNG,0.000198213586745,1.01478071903,95.2586622486,0.0130642776128,66.8843001496,6278.50809364,0.0130642776128*P^2 + 66.8843001496*P + 6278.50809364
KPG193_ver2_0_11th_basic_plan_2025,2025,12,143,137,여수화력,#1,1,340,Coal,2025/12,actual,유연탄,29446.6519334,Bituminous,0.000399529838897,1.69136380114,23.7961360355,0.011764816103,49.8050011449,700.716535197,0.011764816103*P^2 + 49.8050011449*P + 700.716535197
KPG193_ver2_0_11th_basic_plan_2025,2025,12,144,137,여수화력,#2,2,328.6,Coal,2025/12,actual,유연탄,29446.6519334,Bituminous,0.000442209021148,1.67798380872,22.8163315699,0.0130215751275,49.4110051654,671.864574135,0.0130215751275*P^2 + 49.4110051654*P + 671.864574135
KPG193_ver2_0_11th_basic_plan_2025,2025,12,145,156,대구그린파워,#1,1,370.7,LNG,2025/12,actual,LNG,63540.0573208,LNG,0.000304197744024,1.10948545343,78.0588875771,0.0188522885996,68.7590239444,4837.60548944,0.0188522885996*P^2 + 68.7590239444*P + 4837.60548944
KPG193_ver2_0_11th_basic_plan_2025,2025,12,146,160,대구열병합,#1,1,0,LNG,2025/12,actual,LNG,63540.0573208,LNG,0.00276159267586,1.17576984467,9.70710514308,0.175471756921,74.7084833267,616.79001721,0.175471756921*P^2 + 74.7084833267*P + 616.79001721
KPG193_ver2_0_11th_basic_plan_2025,2025,12,147,166,월성원자력,#2,2,700,Nuclear,2025/12,actual,원자력,2584.38963532,Nuclear,0.000322587484155,3.66373337212,0,0.000833691750535,9.46851455348,0,0.000833691750535*P^2 + 9.46851455348*P + 0
KPG193_ver2_0_11th_basic_plan_2025,2025,12,148,166,월성원자력,#3,3,700,Nuclear,2025/12,actual,원자력,2584.38963532,Nuclear,0.000348909915688,3.6272640115,0,0.000901719169765,9.37426351588,0,0.000901719169765*P^2 + 9.37426351588*P + 0
KPG193_ver2_0_11th_basic_plan_2025,2025,12,149,166,월성원자력,#4,4,700,Nuclear,2025/12,actual,원자력,2584.38963532,Nuclear,0.000328772916854,3.62784613298,0,0.000849677318691,9.37576794462,0,0.000849677318691*P^2 + 9.37576794462*P + 0
KPG193_ver2_0_11th_basic_plan_2025,2025,12,150,166,신월성원자력,#1,1,1000,Nuclear,2025/12,actual,원자력,2584.38963532,Nuclear,0.000236215008163,3.64540144633,0,0.000610471618805,9.42113771446,0,0.000610471618805*P^2 + 9.42113771446*P + 0
KPG193_ver2_0_11th_basic_plan_2025,2025,12,151,166,신월성원자력,#2,2,1000,Nuclear,2025/12,actual,원자력,2584.38963532,Nuclear,0.000241198179183,3.70641796523,0,0.000623350074338,9.5788281735,0,0.000623350074338*P^2 + 9.5788281735*P + 0
KPG193_ver2_0_11th_basic_plan_2025,2025,12,152,167,울산복합,#1,1,300,LNG,2025/12,actual,LNG,63540.0573208,LNG,0.000370206512988,1.0674175557,60.7762297725,0.0221115664725,63.7543463137,3630.02161607,0.0221115664725*P^2 + 63.7543463137*P + 3630.02161607
KPG193_ver2_0_11th_basic_plan_2025,2025,12,153,167,울산복합,#3,3,450,LNG,2025/12,actual,LNG,63540.0573208,LNG,0.000222451363041,1.03684245072,88.553033468,0.0143465909441,66.8692441825,5711.06479483,0.0143465909441*P^2 + 66.8692441825*P + 5711.06479483
KPG193_ver2_0_11th_basic_plan_2025,2025,12,154,167,울산복합,#3,3,450,LNG,2025/12,actual,LNG,63540.0573208,LNG,0.000245983185259,1.04241775626,89.0292005248,0.0158642324767,67.2288132447,5741.77431214,0.0158642324767*P^2 + 67.2288132447*P + 5741.77431214
KPG193_ver2_0_11th_basic_plan_2025,2025,12,155,167,울산복합,#4,4,871.9,LNG,2025/12,actual,LNG,63540.0573208,LNG,0.000107216468518,0.999598964866,165.413379501,0.00766833189995,71.4932765029,11830.6889999,0.00766833189995*P^2 + 71.4932765029*P + 11830.6889999
KPG193_ver2_0_11th_basic_plan_2025,2025,12,156,167,영남파워,#1,1,442.8,LNG,2025/12,actual,LNG,63540.0573208,LNG,0.000240249093013,1.06682314255,89.6557606945,0.0154394671703,68.5587640701,5761.67492045,0.0154394671703*P^2 + 68.5587640701*P + 5761.67492045
KPG193_ver2_0_11th_basic_plan_2025,2025,12,157,172,부산정관에너지,#1,1,45.836,LNG,2025/12,actual,LNG,63540.0573208,LNG,0.0027018088977,1.22160602754,10.6271310685,0.161372706696,72.9636619922,634.73360621,0.161372706696*P^2 + 72.9636619922*P + 634.73360621
KPG193_ver2_0_11th_basic_plan_2025,2025,12,158,175,고리원자력,#2,2,650,Nuclear,2025/12,actual,원자력,2584.38963532,Nuclear,0.00035990072458,3.66821167297,0,0.000930123702348,9.48008822777,0,0.000930123702348*P^2 + 9.48008822777*P + 0
KPG193_ver2_0_11th_basic_plan_2025,2025,12,159,175,고리원자력,#3,3,950,Nuclear,2025/12,actual,원자력,2584.38963532,Nuclear,0.000268512142263,3.66642236663,0,0.000693939997421,9.47546396302,0,0.000693939997421*P^2 + 9.47546396302*P + 0
KPG193_ver2_0_11th_basic_plan_2025,2025,12,160,175,고리원자력,#4,4,950,Nuclear,2025/12,actual,원자력,2584.38963532,Nuclear,0.000262008638654,3.7083191091,0,0.000677132410101,9.58374147003,0,0.000677132410101*P^2 + 9.58374147003*P + 0
KPG193_ver2_0_11th_basic_plan_2025,2025,12,161,175,신고리원자력,#1,1,1000,Nuclear,2025/12,actual,원자력,2584.38963532,Nuclear,0.000234986986621,3.60867503068,0,0.000607297932659,9.32622234654,0,0.000607297932659*P^2 + 9.32622234654*P + 0
KPG193_ver2_0_11th_basic_plan_2025,2025,12,162,175,신고리원자력,#2,2,1000,Nuclear,2025/12,actual,원자력,2584.38963532,Nuclear,0.000227175815463,3.6046725669,0,0.000587110822879,9.31587842062,0,0.000587110822879*P^2 + 9.31587842062*P + 0
KPG193_ver2_0_11th_basic_plan_2025,2025,12,163,175,새울원자력,#1,1,1400,Nuclear,2025/12,actual,원자력,2584.38963532,Nuclear,0.00017423261458,3.61714013174,0,0.000450284963255,9.34809946598,0,0.000450284963255*P^2 + 9.34809946598*P + 0
KPG193_ver2_0_11th_basic_plan_2025,2025,12,164,175,새울원자력,#2,2,1400,Nuclear,2025/12,actual,원자력,2584.38963532,Nuclear,0.000167923686908,3.63418502328,0,0.000433980235969,9.39215010701,0,0.000433980235969*P^2 + 9.39215010701*P + 0
KPG193_ver2_0_11th_basic_plan_2025,2025,12,165,180,무림파워텍열병합,#1,1,26.3,LNG,2025/12,actual,LNG,63540.0573208,LNG,0.00465924534698,1.21450496614,6.06224107405,0.296048716419,77.1697151649,385.195145338,0.296048716419*P^2 + 77.1697151649*P + 385.195145338
KPG193_ver2_0_11th_basic_plan_2025,2025,12,166,186,부산복합,#1,1,450,LNG,2025/12,actual,LNG,63540.0573208,LNG,0.000229875636034,1.0857944767,92.7338522532,0.0148254057567,70.0263149375,5980.69900207,0.0148254057567*P^2 + 70.0263149375*P + 5980.69900207
KPG193_ver2_0_11th_basic_plan_2025,2025,12,167,186,부산복합,#2,2,450,LNG,2025/12,actual,LNG,63540.0573208,LNG,0.00023068722481,1.0035129409,85.7064783364,0.0148777476799,64.7197188334,5527.48146445,0.0148777476799*P^2 + 64.7197188334*P + 5527.48146445
KPG193_ver2_0_11th_basic_plan_2025,2025,12,168,186,부산복합,#3,3,450,LNG,2025/12,actual,LNG,63540.0573208,LNG,0.00024352287981,0.985304528571,84.1513624701,0.0157055596081,63.5454008173,5427.18713089,0.0157055596081*P^2 + 63.5454008173*P + 5427.18713089
KPG193_ver2_0_11th_basic_plan_2025,2025,12,169,186,부산복합,#4,4,450,LNG,2025/12,actual,LNG,63540.0573208,LNG,0.000222539415017,1.07064020752,91.4395799118,0.0143522696941,69.0489682578,5897.22729122,0.0143522696941*P^2 + 69.0489682578*P + 5897.22729122
KPG193_ver2_0_11th_basic_plan_2025,2025,12,170,190,삼천포화력,#3,3,560,Coal,2025/12,actual,유연탄,29446.6519334,Bituminous,0.000245807644117,1.67256290617,38.7579664361,0.00723821213888,49.2513777347,1141.29234729,0.00723821213888*P^2 + 49.2513777347*P + 1141.29234729
KPG193_ver2_0_11th_basic_plan_2025,2025,12,171,190,삼천포화력,#4,4,560,Coal,2025/12,actual,유연탄,29446.6519334,Bituminous,0.000265236660143,1.6645937438,38.5732986269,0.0078103316112,49.0167125843,1135.85449859,0.0078103316112*P^2 + 49.0167125843*P + 1135.85449859
KPG193_ver2_0_11th_basic_plan_2025,2025,12,172,190,삼천포화력,#5,5,500,Coal,2025/12,actual,유연탄,29446.6519334,Bituminous,0.000319040558475,1.74346855687,36.0723651155,0.00939467627806,51.339311751,1062.21037997,0.00939467627806*P^2 + 51.339311751*P + 1062.21037997
KPG193_ver2_0_11th_basic_plan_2025,2025,12,173,190,삼천포화력,#6,6,500,Coal,2025/12,actual,유연탄,29446.6519334,Bituminous,0.000314002877321,1.73006344166,35.7950132766,0.00924633343456,50.9445759893,1054.04329691,0.00924633343456*P^2 + 50.9445759893*P + 1054.04329691
KPG193_ver2_0_11th_basic_plan_2025,2025,12,174,190,고성화력,#1,1,1040,Coal,2025/12,actual,유연탄,29446.6519334,Bituminous,0.000152626996134,1.74838203224,75.2419718393,0.0044943540308,51.4839971499,2215.62415553,0.0044943540308*P^2 + 51.4839971499*P + 2215.62415553
KPG193_ver2_0_11th_basic_plan_2025,2025,12,175,190,고성화력,#2,2,1040,Coal,2025/12,actual,유연탄,29446.6519334,Bituminous,0.000150765645248,1.69922587505,73.1265267442,0.00443954347913,50.0365128989,2153.33138013,0.00443954347913*P^2 + 50.0365128989*P + 2153.33138013
KPG193_ver2_0_11th_basic_plan_2025,2025,12,176,193,하동화력,#1,1,500,Coal,2025/12,actual,유연탄,29446.6519334,Bituminous,0.000315141567972,1.68067996669,34.7732691605,0.00927986406182,49.4903979907,1023.95635355,0.00927986406182*P^2 + 49.4903979907*P + 1023.95635355
KPG193_ver2_0_11th_basic_plan_2025,2025,12,177,193,하동화력,#2,2,500,Coal,2025/12,actual,유연탄,29446.6519334,Bituminous,0.000284584956431,1.73348847771,35.8658772738,0.00838007415751,51.0454318337,1056.13000437,0.00838007415751*P^2 + 51.0454318337*P + 1056.13000437
KPG193_ver2_0_11th_basic_plan_2025,2025,12,178,193,하동화력,#3,3,500,Coal,2025/12,actual,유연탄,29446.6519334,Bituminous,0.000304958094234,1.72594701068,35.7098443181,0.00897999485518,50.823360879,1051.53535623,0.00897999485518*P^2 + 50.823360879*P + 1051.53535623
KPG193_ver2_0_11th_basic_plan_2025,2025,12,179,193,하동화력,#4,4,500,Coal,2025/12,actual,유연탄,29446.6519334,Bituminous,0.000321696764289,1.69082922026,34.9832572206,0.00947289264613,49.7892595278,1030.13979887,0.00947289264613*P^2 + 49.7892595278*P + 1030.13979887
KPG193_ver2_0_11th_basic_plan_2025,2025,12,180,193,하동화력,#5,5,500,Coal,2025/12,actual,유연탄,29446.6519334,Bituminous,0.000308641630843,1.73156767222,35.8261358074,0.00908846267559,50.9888705429,1054.95975124,0.00908846267559*P^2 + 50.9888705429*P + 1054.95975124
KPG193_ver2_0_11th_basic_plan_2025,2025,12,181,193,하동화력,#6,6,500,Coal,2025/12,actual,유연탄,29446.6519334,Bituminous,0.000324495158275,1.68600584464,34.8834615773,0.00955529597979,49.6472272649,1027.2011513,0.00955529597979*P^2 + 49.6472272649*P + 1027.2011513
KPG193_ver2_0_11th_basic_plan_2025,2025,12,182,193,하동화력,#7,7,500,Coal,2025/12,actual,유연탄,29446.6519334,Bituminous,0.00031383581046,1.72659496112,35.723250413,0.00924141387485,50.8424408502,1051.93012084,0.00924141387485*P^2 + 50.8424408502*P + 1051.93012084
KPG193_ver2_0_11th_basic_plan_2025,2025,12,183,193,하동화력,#8,8,500,Coal,2025/12,actual,유연탄,29446.6519334,Bituminous,0.000320304809536,1.80175722668,37.2783577164,0.009431904239,53.0557179226,1097.72282432,0.009431904239*P^2 + 53.0557179226*P + 1097.72282432
KPG193_ver2_0_11th_basic_plan_2025,2025,12,184,71,강릉안인화력,#2,2,1040,Coal,2025/12,actual,유연탄,29446.6519334,Bituminous,0.000139400970736,1.60357957796,69.0103691426,0.00410489186443,47.2200496797,2032.12431994,0.00410489186443*P^2 + 47.2200496797*P + 2032.12431994
KPG193_ver2_0_11th_basic_plan_2025,2025,12,185,60,내포그린에너지,#1,1,495,LNG,2025/12,actual,LNG,63540.0573208,LNG,0.000219069999837,1.04593248533,98.2623191653,0.0144417098599,68.9508079492,6477.72814445,0.0144417098599*P^2 + 68.9508079492*P + 6477.72814445
KPG193_ver2_0_11th_basic_plan_2025,2025,12,186,42,여주복합,#1,1,1025.4,LNG,2025/12,actual,LNG,63540.0573208,LNG,9.7529564256e-05,1.01619610166,197.764801137,0.0061970341033,64.5691585487,12565.9868003,0.0061970341033*P^2 + 64.5691585487*P + 12565.9868003
KPG193_ver2_0_11th_basic_plan_2025,2025,12,187,11,김포열병합,#1,1,0,LNG,2025/12,actual,LNG,63540.0573208,LNG,0.000326710980706,1.09712701375,72.9749026652,0.0200374358599,67.287644023,4475.60693667,0.0200374358599*P^2 + 67.287644023*P + 4475.60693667
KPG193_ver2_0_11th_basic_plan_2025,2025,12,188,172,양산열병합,#1,1,118.972,LNG,2025/12,actual,LNG,63540.0573208,LNG,0.0009195674604,1.07077279741,24.1779932089,0.0549236069955,63.9547470292,1444.09480993,0.0549236069955*P^2 + 63.9547470292*P + 1444.09480993
KPG193_ver2_0_11th_basic_plan_2025,2025,12,189,82,신한울원자력,#2,2,1400,Nuclear,2025/12,actual,원자력,2584.38963532,Nuclear,0.000166636744463,3.59353196561,0,0.000430654275254,9.28708676612,0,0.000430654275254*P^2 + 9.28708676612*P + 0
KPG193_ver2_0_11th_basic_plan_2025,2025,12,190,75,삼척화력,#1,1,1050,Coal,2025/12,actual,유연탄,29446.6519334,Bituminous,0.000141888962035,1.73632863997,75.4417444873,0.00417815487824,51.1290651032,2221.50679117,0.00417815487824*P^2 + 51.1290651032*P + 2221.50679117
KPG193_ver2_0_11th_basic_plan_2025,2025,12,191,64,신세종열병합,#1,1,597.171,LNG,2025/12,actual,LNG,63540.0573208,LNG,0.000196071621232,1.09374417693,123.96315539,0.0136830953656,76.3282609918,8650.91881412,0.0136830953656*P^2 + 76.3282609918*P + 8650.91881412
KPG193_ver2_0_11th_basic_plan_2025,2025,12,192,160,대구열병합 대체,#1,1,270,LNG,2025/12,actual,LNG,63540.0573208,LNG,0.000393118768316,1.06777556038,54.7169523409,0.0249787890727,67.8465203125,3476.71828816,0.0249787890727*P^2 + 67.8465203125*P + 3476.71828816
KPG193_ver2_0_11th_basic_plan_2025,2025,12,193,192,통영천연가스,#1,1,1012,LNG,2025/12,actual,LNG,63540.0573208,LNG,0.000105612338066,0.993962716196,190.91003883,0.00671061401449,63.1564479618,12130.4348104,0.00671061401449*P^2 + 63.1564479618*P + 12130.4348104
KPG193_ver2_0_11th_basic_plan_2025,2025,12,194,167,울산GPS복합,#1,1,1104.6,LNG,2025/12,actual,LNG,63540.0573208,LNG,9.61046580012e-05,1.05017922888,220.164159904,0.00610649547819,66.7284483999,13989.2433403,0.00610649547819*P^2 + 66.7284483999*P + 13989.2433403
KPG193_ver2_0_11th_basic_plan_2025,2025,12,195,75,삼척화력,#2,2,1050,LNG,2025/12,actual,LNG,63540.0573208,LNG,9.7031274978e-05,1.03444462858,206.145902644,0.00616537277401,65.7286709952,13098.5224704,0.00616537277401*P^2 + 65.7286709952*P + 13098.5224704
KPG193_ver2_0_11th_basic_plan_2025,2025,12,196,62,청주열병합 대체,#1,1,270,LNG,2025/12,actual,LNG,63540.0573208,LNG,0.000398455262961,1.06959835972,54.8103596337,0.0253178702483,67.9623410868,3482.6533929,0.0253178702483*P^2 + 67.9623410868*P + 3482.6533929
KPG193_ver2_0_11th_basic_plan_2025,2025,12,197,52,음성천연가스,#1,1,561,LNG,2025/12,actual,LNG,63540.0573208,LNG,0.000187588696611,1.02408047089,109.037303993,0.0119193965354,65.0701318217,6928.23654585,0.0119193965354*P^2 + 65.0701318217*P + 6928.23654585
KPG193_ver2_0_11th_basic_plan_2025,2025,12,198,11,김포열병합,#1,1,495.46,LNG,2025/12,actual,LNG,63540.0573208,LNG,0.000222158340338,1.13996271672,107.19571003,0.0141159536794,72.4332963641,6811.22155983,0.0141159536794*P^2 + 72.4332963641*P + 6811.22155983
KPG193_ver2_0_11th_basic_plan_2025,2025,12,199,24,마곡열병합,#1,1,285,LNG,2025/12,actual,LNG,63540.0573208,LNG,0.000368466023053,1.08522697259,58.7007430361,0.0234123522256,68.9553840443,3729.84857729,0.0234123522256*P^2 + 68.9553840443*P + 3729.84857729
KPG193_ver2_0_11th_basic_plan_2025,2025,12,200,26,부천복합,#2,2,498,LNG,2025/12,actual,LNG,63540.0573208,LNG,0.000210303242418,1.02921141286,97.2774315958,0.013362680078,65.3961521683,6181.01357962,0.013362680078*P^2 + 65.3961521683*P + 6181.01357962
KPG193_ver2_0_11th_basic_plan_2025,2025,12,201,149,구미천연가스,#1,1,500,LNG,2025/12,actual,LNG,63540.0573208,LNG,0.000207697784877,1.0360417319,98.3162743513,0.0131971291565,65.8301510319,6247.02170785,0.0131971291565*P^2 + 65.8301510319*P + 6247.02170785
